{
  "music_disc.11": {
    "sounds": [
      {
        "name": "records/rick"
      }
    ],
    "subtitle": "You have been rickrolled"
  },

  "music_disc.13": {
    "sounds": [
      {
        "name": "records/rick"
      }
    ],
    "subtitle": "You have been rickrolled"
  },

  "music_disc.chirp": {
    "sounds": [
      {
        "name": "records/rick"
      }
    ],
    "subtitle": "You have been rickrolled"
  },

  "music_disc.far": {
    "sounds": [
      {
        "name": "records/rick"
      }
    ],
    "subtitle": "You have been rickrolled"
  },

  "music_disc.mall": {
    "sounds": [
      {
        "name": "records/rick"
      }
    ],
    "subtitle": "You have been rickrolled"
  },

  "music_disc.mellohi": {
    "sounds": [
      {
        "name": "records/rick"
      }
    ],
    "subtitle": "You have been rickrolled"
  },

  "music_disc.strad": {
    "sounds": [
      {
        "name": "records/rick"
      }
    ],
    "subtitle": "You have been rickrolled"
  }
}
